<application>
  <component name="FileTypeManager" version="17">
    <extensionMap>
      <mapping pattern="notificationBa.js" type="PLAIN_TEXT" />
      <mapping pattern=".env" type="PLAIN_TEXT" />
      <mapping pattern="default" type="PLAIN_TEXT" />
      <mapping pattern="sdf" type="PLAIN_TEXT" />
      <mapping pattern=".env.example" type="PLAIN_TEXT" />
      <mapping ext="example" type="PLAIN_TEXT" />
      <mapping ext="config" type="PLAIN_TEXT" />
      <mapping ext="env" type="PLAIN_TEXT" />
      <removed_mapping pattern=".env.example" approved="true" type="Native" />
      <removed_mapping pattern=".env" approved="true" type="Native" />
    </extensionMap>
  </component>
</application>