<application>
  <component name="MaterialThemeConfig">
    <option name="isHighContrast" value="true" />
    <option name="isWizardShown" value="true" />
    <option name="pristineConfig" value="false" />
    <option name="tabFontSizeEnabled" value="true" />
    <option name="tabFontSize" value="14" />
    <option name="accentColor" value="bae9b6" />
    <option name="selectedTheme" value="CUSTOM" />
    <option name="userId" value="-60bcdf9b:16b0a4c588a:-8000" />
    <option name="version" value="3.10.0" />
  </component>
</application>